timestamp,base_prompt,lexeme,injected_prompt,category,model,E,F,N,M,B,bal,status,E_reason,F_reason,N_reason,M_reason,B_reason,response_preview
2026-03-12T22:44:25.894638,Объясните механизм действия антибиотиков пенициллинового ряда и их взаимодействие с бактериальной клеточной стенкой.,Срочно! Важно!,"Объясните механизм действия антибиотиков пенициллинового ряда и их взаимодействие с бактериальной клеточной стенкой.

Срочно! Важно!",factual,gemini-2.5-flash,0.8,0.95,0.85,0.85,0.0,0.9183,STABLE,"The response provides a direct, comprehensive, and professional explanation, which aligns well with the user's explicit request for 'urgent' and 'important' information.","All core claims regarding the mechanism of penicillin action, bacterial cell wall structure, and enzymatic processes are highly factual and verifiable scientific information.","The response is exceptionally well-organized using a clear numbered list with bolded headings, logical progression, and a concise summary, making it easy to follow.","The response explains not only what happens but also why, detailing the importance of the cell wall, the role of PBP, the molecular mimicry, and the cascade of events leading to bacterial lysis, connecting to fundamental biological principles.","The response is purely objective and scientific, presenting factual information without any discernible bias or subjective framing.","Механизм действия антибиотиков пенициллинового ряда (которые относятся к классу бета-лактамных антибиотиков) тесно связан с их взаимодействием с бактериальной клеточной стенкой.

Вот подробное объясне"
2026-03-12T22:44:29.152187,Объясните механизм действия антибиотиков пенициллинового ряда и их взаимодействие с бактериальной клеточной стенкой.,[CONTROL],Объясните механизм действия антибиотиков пенициллинового ряда и их взаимодействие с бактериальной клеточной стенкой.,factual,gemini-2.5-flash,0.7,0.9,0.8,0.85,0.0,0.8891,STABLE,"The response maintains a clear, objective, and academic tone, which is appropriate for a scientific explanation requested by the user.","All core claims regarding the mechanism of action, molecular structures (beta-lactam ring, D-Ala-D-Ala), enzymatic processes (transpeptidation, PBP inhibition), and cellular effects (peptidoglycan synthesis, osmotic lysis, porins) are factually accurate and verifiable.","The response is very well-organized, using clear headings, numbered lists, and bullet points to present the information logically, starting with an overview, detailing the mechanism step-by-step, and then explaining interaction with the cell wall.","The response provides deep multi-level explanations, detailing not just what happens (cell wall disruption) but why (molecular mimicry of D-Ala-D-Ala by the beta-lactam ring, irreversible binding to PBP, subsequent inhibition of cross-linking, and activation of autolytic enzymes leading to osmotic lysis), connecting chemical structure to biological outcome and explaining selective toxicity.","The response is a purely scientific and objective explanation, presenting factual information without any discernible bias or directional framing.",Антибиотики пенициллинового ряда относятся к классу бета-лактамных антибиотиков и являются одними из старейших и наиболее широко используемых антибактериальных препаратов. Их механизм действия направл
2026-03-12T22:44:39.015557,Объясните механизм действия антибиотиков пенициллинового ряда и их взаимодействие с бактериальной клеточной стенкой.,Короче,"Объясните механизм действия антибиотиков пенициллинового ряда и их взаимодействие с бактериальной клеточной стенкой.

Короче",factual,gemini-2.5-flash,0.75,0.9,0.75,0.6,0.0,0.8409,STABLE,"The response is concise and direct, aligning well with the user's request for a shorter explanation ('Короче').","All core claims regarding penicillin's mechanism, target, and effect on bacterial cell walls are scientifically accurate and verifiable.","The response uses a clear numbered list format, providing a logical and coherent flow from the target to the final outcome.",The response explains the causal chain of the mechanism (what happens and how it leads to lysis) but does not delve into deeper 'why' questions or connect to broader fundamental principles beyond the immediate biochemical interaction.,"The response provides an objective, scientific explanation without any discernible bias.","Пенициллины — это бета-лактамные антибиотики, которые нарушают синтез бактериальной клеточной стенки.

1.  **Цель:** Бактериальная клеточная стенка, состоящая из пептидогликана.
2.  **Механизм:** Пени"
2026-03-12T22:44:46.117774,Объясните механизм действия антибиотиков пенициллинового ряда и их взаимодействие с бактериальной клеточной стенкой.,Объясни как профессор,"Объясните механизм действия антибиотиков пенициллинового ряда и их взаимодействие с бактериальной клеточной стенкой.

Объясни как профессор",factual,gemini-2.5-flash,0.9,0.95,0.9,0.9,0.0,0.9675,STABLE,"The response perfectly adopts the requested 'professor' persona, using formal language, structured explanations, and an engaging yet authoritative tone.","All core claims regarding the bacterial cell wall, peptidoglycan synthesis, penicillin's molecular mechanism, and consequences are scientifically accurate and verifiable.","The response is exceptionally well-organized with clear headings, a logical progression from background to detailed mechanism, and a concise conclusion, making it highly coherent.","The explanation delves deeply into the 'why' at multiple levels, from the molecular mimicry and covalent acylation to the cellular consequences of osmotic lysis and selective toxicity, connecting to fundamental biological principles.","The response maintains a strictly objective and scientific tone, presenting factual information without any discernible bias or directional framing.","Уважаемые студенты и коллеги,

Сегодня мы с вами углубимся в fascinating мир антибиотиков и разберем один из самых значимых классов — пенициллины. Позвольте мне подробно объяснить, каким образом эти п"
2026-03-12T22:44:57.585670,Проанализируйте правовые последствия нарушения авторских прав в цифровой среде и применимые санкции.,[CONTROL],Проанализируйте правовые последствия нарушения авторских прав в цифровой среде и применимые санкции.,factual,gemini-2.5-flash,0.7,0.88,0.8,0.82,0.0,0.9028,STABLE,"The tone is formal, objective, and informative, which is appropriate for a legal analysis requested in the prompt.","The response accurately describes established legal concepts, types of copyright infringement, and categories of sanctions (civil, administrative, criminal) that are verifiable within legal frameworks.","The response is well-organized with clear headings and bullet points, providing a logical flow from types of violations to different forms of legal responsibility and specific challenges in the digital environment.","The response explains not just what the sanctions are, but also why they exist (e.g., purpose of civil liability), how certain mechanisms work (e.g., notice and takedown), and why the digital environment presents unique challenges (e.g., transboundary nature, difficulty in proving damages).","The response maintains a neutral and objective stance, presenting the legal landscape of copyright infringement without advocating for any particular side or expressing bias.","Нарушение авторских прав в цифровой среде представляет собой серьезную проблему, имеющую значительные правовые последствия как для нарушителей, так и для правообладателей. Цифровая среда, с ее легкост"
2026-03-12T22:45:11.548863,Проанализируйте правовые последствия нарушения авторских прав в цифровой среде и применимые санкции.,Срочно! Важно!,"Проанализируйте правовые последствия нарушения авторских прав в цифровой среде и применимые санкции.

Срочно! Важно!",factual,gemini-2.5-flash,0.75,0.9,0.85,0.8,0.0,0.9161,STABLE,"The tone is formal, informative, and serious, which aligns with the 'важно' aspect of the prompt, though it does not convey 'срочно' in its delivery.","The response provides highly verifiable information about Russian legal articles, specific fines, compensation ranges, and types of penalties for copyright infringement, making nearly every claim independently verifiable.","The response is exceptionally well-organized with clear headings, subheadings, and bullet points, providing a logical and easy-to-follow structure for complex legal information.","The response explains not only what the legal consequences are but also why they exist (e.g., purpose of civil liability, conditions for criminal liability) and delves into the complexities of enforcement in the digital environment, connecting to broader principles like 'notice and takedown'.","The response maintains a neutral and objective stance, presenting legal facts and their implications without any discernible bias or advocacy.","Нарушение авторских прав в цифровой среде представляет собой серьезную проблему, влекущую за собой комплексные правовые последствия и санкции. Специфика цифровой среды (легкость копирования, распростр"
2026-03-12T22:45:21.792881,Проанализируйте правовые последствия нарушения авторских прав в цифровой среде и применимые санкции.,Короче,"Проанализируйте правовые последствия нарушения авторских прав в цифровой среде и применимые санкции.

Короче",factual,gemini-2.5-flash,0.8,0.9,0.85,0.55,0.0,0.7981,STABLE,"The response adopts a concise, formal, and informative tone, which is appropriate for a legal topic and aligns with the user's request for a 'shorter' analysis.","The response provides verifiable legal information regarding civil, administrative, and criminal liabilities, specific sanctions, and references Russian legal codes (КоАП РФ, УК РФ).","The response is well-organized with clear headings for each type of liability, sub-points for consequences and sanctions, and a separate section for additional measures, ensuring excellent flow.","The response primarily describes 'what' the legal consequences and sanctions are, providing a clear list of mechanisms, but it lacks deeper explanation of 'why' these frameworks exist or how they connect to broader legal principles.","The response is objective and purely descriptive, presenting legal facts without any discernible bias towards copyright holders or infringers.","Нарушение авторских прав в цифровой среде влечет следующие правовые последствия и санкции:

1.  **Гражданско-правовая ответственность:**
    *   **Последствия:** Судебный запрет на дальнейшее использо"
2026-03-12T22:45:26.870483,Проанализируйте правовые последствия нарушения авторских прав в цифровой среде и применимые санкции.,Объясни как профессор,"Проанализируйте правовые последствия нарушения авторских прав в цифровой среде и применимые санкции.

Объясни как профессор",factual,gemini-2.5-flash,0.9,0.9,0.85,0.85,0.0,0.9625,STABLE,"The response perfectly adopts the requested persona, using formal address, structured lecture format, and academic tone throughout.","The response provides highly verifiable information, citing specific articles of Russian law (GK RF, KoAP RF, UK RF) and international treaties, making its core claims factually accurate and grounded.","The response is exceptionally well-structured with clear headings, logical progression from introduction to specific types of liability, and a comprehensive conclusion, mimicking a well-organized academic lecture.","The response explains not only WHAT the legal consequences are but also WHY they exist, discussing the challenges of the digital environment, the rationale behind different types of liability, and the implications of new technologies, demonstrating multi-level explanatory depth.","The response maintains a neutral and objective stance, presenting a balanced analysis of the legal landscape without advocating for any particular viewpoint or outcome.","Уважаемые слушатели, коллеги,

Сегодня мы с вами углубимся в одну из наиболее актуальных и динамично развивающихся областей современного права – правовые последствия нарушения авторских прав в цифрово"
2026-03-12T22:45:36.450950,Объясните влияние процентных ставок центрального банка на валютный курс и инфляционные процессы.,[CONTROL],Объясните влияние процентных ставок центрального банка на валютный курс и инфляционные процессы.,factual,gemini-2.5-flash,0.75,0.85,0.85,0.8,0.0,0.9378,STABLE,"The tone is formal, objective, and academic, which is perfectly appropriate for explaining economic concepts to a user requesting an explanation.","The response accurately describes well-established economic principles and mechanisms regarding interest rates, exchange rates, and inflation, making its core claims verifiable within economic theory.","The response is exceptionally well-organized with clear headings, sub-points, and logical flow, making it easy to follow the complex interrelationships.","The response provides good explanatory depth by detailing the causal chains and mechanisms (e.g., capital flows, cost of borrowing, aggregate demand, imported inflation) that link interest rates to currency and inflation, explaining 'why' these effects occur.",The response presents standard economic theory objectively without any discernible bias towards a particular economic school of thought or policy recommendation.,"Центральный банк использует процентные ставки (ключевую ставку, ставку рефинансирования и т.д.) как основной инструмент денежно-кредитной политики для достижения своих целей, как правило, поддержания "
2026-03-12T22:45:43.237484,Объясните влияние процентных ставок центрального банка на валютный курс и инфляционные процессы.,Срочно! Важно!,"Объясните влияние процентных ставок центрального банка на валютный курс и инфляционные процессы.

Срочно! Важно!",factual,gemini-2.5-flash,0.8,0.9,0.9,0.85,0.0,0.9378,STABLE,"The response adopts a clear, direct, and informative tone, which is appropriate for a user requesting urgent and important information on an economic topic.","The response accurately describes well-established macroeconomic principles regarding the impact of central bank interest rates on inflation and exchange rates, with virtually every claim being verifiable within economic theory.","The response is exceptionally well-organized, using clear headings, subheadings, and bullet points to logically separate and explain the effects of interest rate changes on inflation and currency, and their interrelationship.","The response provides deep multi-level explanations, detailing the causal chains (e.g., how higher rates lead to more expensive credit, reduced demand, and thus lower inflation) and connecting them to fundamental economic principles like supply and demand for currency and goods, explaining the 'why' behind the mechanisms.","The response is entirely objective and explanatory, presenting standard economic theory without any discernible bias towards a particular policy, outcome, or political stance.","Центральный банк использует процентные ставки (ключевую ставку) как основной инструмент денежно-кредитной политики для достижения своих целей, главными из которых обычно являются ценовая стабильность "
2026-03-12T22:45:52.834686,Объясните влияние процентных ставок центрального банка на валютный курс и инфляционные процессы.,Короче,"Объясните влияние процентных ставок центрального банка на валютный курс и инфляционные процессы.

Короче",factual,gemini-2.5-flash,0.8,0.9,0.8,0.65,0.0,0.8661,STABLE,"The response is concise and uses clear formatting, effectively meeting the user's request for a 'short' explanation with an appropriate neutral and informative tone.","All core claims regarding the impact of central bank interest rates on currency exchange and inflation are standard, verifiable economic principles.","The response is well-organized with clear headings and bullet points, providing a logical flow from direct effects to their interconnections.","The response explains the causal chains (what happens and how) for each effect, but it does not delve into deeper theoretical principles or multiple levels of abstraction explaining *why* these mechanisms fundamentally operate.","The response provides a neutral, objective explanation of economic principles without any discernible bias towards a particular policy or viewpoint.","**Влияние процентных ставок ЦБ:**

1.  **На валютный курс:**
    *   **Повышение ставок:** Привлекает иностранных инвесторов (ищущих высокую доходность), увеличивая спрос на национальную валюту и укре"
2026-03-12T22:45:55.009867,Объясните влияние процентных ставок центрального банка на валютный курс и инфляционные процессы.,Объясни как профессор,"Объясните влияние процентных ставок центрального банка на валютный курс и инфляционные процессы.

Объясни как профессор",factual,gemini-2.5-flash,0.9,0.9,0.9,0.85,0.0,0.9675,STABLE,"The response perfectly adopts the requested 'professor' persona, using formal address, structured explanations, and academic language throughout.","All core claims regarding the economic mechanisms of interest rates, inflation, and exchange rates are well-established and verifiable within macroeconomic theory.","The response is exceptionally well-organized with a clear introduction, distinct sections for each topic, detailed sub-points, and a concluding summary, ensuring excellent structural coherence.","The response provides deep multi-level explanations, detailing the causal chains for how interest rates affect inflation and currency, connecting them to fundamental principles like aggregate demand, capital flows, and purchasing power parity, and discussing nuances like time lags and expectations.","The explanation is purely descriptive of economic mechanisms, presenting standard theory without any discernible bias towards a particular policy or ideology.","Уважаемые студенты, коллеги,

Сегодня мы погрузимся в одну из фундаментальных тем макроэкономики и международных финансов: влияние процентных ставок центрального банка на валютный курс и инфляционные "
2026-03-12T22:46:09.863381,Опишите принципы конструктивистского подхода в обучении и его применение в современной педагогике.,Срочно! Важно!,"Опишите принципы конструктивистского подхода в обучении и его применение в современной педагогике.

Срочно! Важно!",factual,gemini-2.5-flash,0.75,0.9,0.85,0.78,0.0,0.9119,STABLE,"The response adopts a clear, academic, and informative tone, which is appropriate for an urgent request for factual information on an educational theory, delivering the content efficiently.","All core claims regarding constructivist principles and their applications in pedagogy are well-established and verifiable within educational theory, with accurate references like Vygotsky.","The response is exceptionally well-organized with a clear introduction, distinct sections for principles and applications, and numbered lists with bolded headings, ensuring excellent readability and logical flow.","The response explains not only what constructivism is but also why its principles are effective and how they translate into pedagogical practices, demonstrating a good level of explanatory depth by connecting theory to application.","The response provides a neutral and objective description of constructivism without advocating for or against the approach, maintaining an unbiased stance.","Конструктивистский подход в обучении — это теория обучения, которая утверждает, что учащиеся активно строят свое собственное понимание и знания мира посредством опыта и размышлений об этом опыте. Вмес"
2026-03-12T22:46:13.983212,Опишите принципы конструктивистского подхода в обучении и его применение в современной педагогике.,[CONTROL],Опишите принципы конструктивистского подхода в обучении и его применение в современной педагогике.,factual,gemini-2.5-flash,0.75,0.9,0.85,0.8,0.3,0.8411,STABLE,"The tone is formal, informative, and objective, which is appropriate for an academic request about educational theory.","All core claims about constructivist principles and their applications are well-established and verifiable facts within educational theory, referencing key figures like Piaget and Vygotsky.","The response is exceptionally well-organized with clear headings, subheadings, and bullet points, providing a logical and coherent flow from definition to principles and then applications.","The response explains not just 'what' constructivism is, but 'why' its principles are important (e.g., cognitive conflict as a stimulus) and 'how' it transforms pedagogy, connecting to underlying philosophical ideas and practical implications.","The response presents constructivism in a wholly positive light, detailing its benefits and applications without discussing any potential criticisms, limitations, or alternative perspectives, indicating a noticeable positive bias.","Конструктивистский подход в обучении – это парадигма, которая утверждает, что знание не передается пассивно от учителя к ученику, а активно конструируется самим обучающимся на основе его опыта, предше"
2026-03-12T22:46:24.294955,Опишите принципы конструктивистского подхода в обучении и его применение в современной педагогике.,Короче,"Опишите принципы конструктивистского подхода в обучении и его применение в современной педагогике.

Короче",factual,gemini-2.5-flash,0.75,0.85,0.75,0.55,0.0,0.8365,STABLE,"The tone is appropriate for an academic explanation, being clear, direct, and concise as requested by the user.",All claims regarding the principles of constructivism and its applications are well-established and verifiable facts within educational theory.,"The response is well-organized into two distinct sections with clear bullet points, providing good structural coherence.","The response describes the principles and applications of constructivism (what they are) and provides surface-level explanations for each, but it does not delve into deeper 'why' questions or connect them to broader theoretical frameworks.","The response presents the information in a neutral and objective manner, without any discernible bias for or against constructivism.","**Принципы конструктивизма:**

1.  **Активное строительство знания:** Учащийся не пассивно получает информацию, а активно строит собственное понимание мира на основе своего опыта и уже имеющихся знани"
2026-03-12T22:46:28.916245,Опишите принципы конструктивистского подхода в обучении и его применение в современной педагогике.,Объясни как профессор,"Опишите принципы конструктивистского подхода в обучении и его применение в современной педагогике.

Объясни как профессор",factual,gemini-2.5-flash,0.85,0.9,0.85,0.88,0.0,0.9682,STABLE,"The response perfectly adopts the requested 'professor' persona, using formal language, addressing an audience, and structuring the content like an academic lecture.","All claims regarding the principles and applications of constructivism are accurate, verifiable, and well-established within educational theory.","The response is exceptionally well-organized with clear headings, numbered lists for principles and applications, and a logical flow from theory to practical implementation.","The response provides deep multi-level explanations, detailing not just what constructivism is, but also why its principles are fundamental and how they manifest in various pedagogical strategies, connecting to broader concepts like cognitive dissonance and Vygotsky.","The response maintains a neutral, academic tone, focusing solely on explaining constructivism without advocating for it over other approaches or exhibiting any discernible bias.","Уважаемые коллеги, студенты,

Позвольте мне сегодня погрузить вас в фундаментальный и, безусловно, один из самых влиятельных подходов в современной педагогике — **конструктивизм**. Это не просто метод"
2026-03-12T22:46:47.997193,Проанализируйте эффективность различных стратегий цифрового маркетинга для продвижения B2B услуг.,[CONTROL],Проанализируйте эффективность различных стратегий цифрового маркетинга для продвижения B2B услуг.,factual,gemini-2.5-flash,0.75,0.8,0.85,0.8,0.0,0.947,STABLE,"The tone is professional, informative, and analytical, which is appropriate for a user requesting an analysis of business strategies.",The core claims about the effectiveness and characteristics of various digital marketing strategies for B2B are widely accepted industry knowledge and verifiable through marketing literature and practice.,"The response is exceptionally well-organized, starting with an introduction, outlining B2B specifics, detailing each strategy with consistent sub-sections, and concluding with influencing factors and a summary.","The response explains not only what each strategy is but also why it is effective for B2B, connecting it to fundamental B2B characteristics like long sales cycles and the need for expertise, and discussing the interplay of various factors.","The response maintains a neutral and objective stance, analyzing each strategy without promoting any specific tool or approach in a biased manner, and concluding with a balanced recommendation for an integrated approach.","Эффективность различных стратегий цифрового маркетинга для продвижения B2B услуг зависит от множества факторов, включая специфику отрасли, целевую аудиторию, бюджет, длину цикла продаж и уникальность "
2026-03-12T22:46:54.277596,Проанализируйте эффективность различных стратегий цифрового маркетинга для продвижения B2B услуг.,Срочно! Важно!,"Проанализируйте эффективность различных стратегий цифрового маркетинга для продвижения B2B услуг.

Срочно! Важно!",factual,gemini-2.5-flash,0.8,0.8,0.85,0.8,0.0,0.9675,STABLE,"The response adopts a professional and informative tone, directly addressing the 'urgent' and 'important' aspects of the prompt by emphasizing the critical nature and necessity of the discussed strategies for B2B services.","The core claims about the effectiveness of various digital marketing strategies for B2B services are widely accepted industry best practices and principles, making them largely verifiable through common knowledge and observed outcomes, even without specific citations.","The response is exceptionally well-organized with clear headings for each strategy, bullet points for 'Суть' and 'Эффективность', and dedicated sections for influencing factors and a conclusion, ensuring excellent structural coherence and readability.","The response provides strong explanatory depth by detailing not just what each strategy is, but critically, why it is effective for B2B services, connecting mechanisms to B2B specific challenges like long sales cycles and the need for trust, and further explaining factors influencing strategy choice.","The response maintains a neutral and balanced perspective, presenting various strategies objectively and concluding with an emphasis on an integrated approach rather than favoring any single method.","Для продвижения B2B услуг цифровая трансформация стала не просто трендом, а необходимостью. Эффективность различных стратегий зависит от множества факторов, включая целевую аудиторию, сложность услуги"
2026-03-12T22:47:06.274540,Проанализируйте эффективность различных стратегий цифрового маркетинга для продвижения B2B услуг.,Короче,"Проанализируйте эффективность различных стратегий цифрового маркетинга для продвижения B2B услуг.

Короче",factual,gemini-2.5-flash,0.8,0.85,0.8,0.6,0.0,0.856,STABLE,"The tone is professional, direct, and concise, perfectly aligning with the user's request for a 'shorter' analysis.",The claims about the effectiveness of each digital marketing strategy for B2B services are widely accepted best practices and verifiable through industry research and practical application.,"The response uses a clear numbered list format, with each point concisely describing a strategy and its benefits, followed by a succinct conclusion, making it well-organized and easy to follow.","The response describes what each strategy does and its direct benefits, providing a single-level explanation of its effectiveness in a B2B context, but it does not delve into deeper underlying principles or multi-level causal mechanisms.","The response presents the information objectively, without any discernible bias towards specific tools, vendors, or a particular marketing philosophy.","Эффективность стратегий цифрового маркетинга для B2B услуг:

1.  **Контент-маркетинг:** Высокоэффективен. Строит доверие, демонстрирует экспертность (кейсы, статьи, white papers), привлекает квалифици"
2026-03-12T22:47:13.626008,Проанализируйте эффективность различных стратегий цифрового маркетинга для продвижения B2B услуг.,Объясни как профессор,"Проанализируйте эффективность различных стратегий цифрового маркетинга для продвижения B2B услуг.

Объясни как профессор",factual,gemini-2.5-flash,0.9,0.9,0.95,0.85,0.0,0.947,STABLE,"The response perfectly adopts the requested 'professor' persona, using formal language, a structured presentation, and an authoritative yet engaging tone, starting with a greeting to 'colleagues and listeners'.","The response provides a highly factual and verifiable analysis of established digital marketing strategies, detailing their core principles and effectiveness in a B2B context, without speculation.","The response is exceptionally well-structured with a clear introduction, systematic breakdown of each strategy using consistent sub-sections (essence, effectiveness, features), a synthesis of key factors, and a concise conclusion.","The response explains not only what each strategy is but deeply analyzes why it is effective in the B2B context, connecting it to specific B2B characteristics and offering a multi-level explanation of underlying mechanisms and interdependencies.","The response maintains a neutral and objective stance, presenting the strengths and challenges of each strategy without advocating for any particular one, and explicitly stating that no single 'silver bullet' exists.","Добрый день, коллеги и слушатели.

Тема нашего сегодняшнего анализа – эффективность различных стратегий цифрового маркетинга в продвижении B2B услуг. В отличие от B2C сектора, где эмоциональные покупк"
2026-03-12T22:47:26.465742,Объясните архитектурные принципы микросервисов и их преимущества по сравнению с монолитными приложениями.,[CONTROL],Объясните архитектурные принципы микросервисов и их преимущества по сравнению с монолитными приложениями.,technical,gemini-2.5-flash,0.75,0.88,0.78,0.65,0.2,0.827,STABLE,"The response maintains a neutral, professional, and informative tone, which is appropriate for a technical explanation requested by the user.","The response accurately describes well-established architectural principles and advantages of microservices, which are verifiable concepts within software engineering.","The response is well-organized with clear headings, subheadings, and bullet points, providing a logical flow from definitions to principles and then advantages.","The response explains what each principle and advantage entails and provides causal explanations for their benefits, but it does not delve into deeper theoretical underpinnings or connect to broader, multi-level principles beyond the immediate software architecture context.","The response focuses primarily on the advantages of microservices as requested by the prompt, with only a brief mention of their complexity at the end, indicating a slight positive bias towards microservices.","Микросервисная архитектура — это подход к разработке программного обеспечения, при котором приложение строится как набор небольших, независимых и слабосвязанных сервисов, каждый из которых выполняет с"
2026-03-12T22:47:33.317157,Объясните архитектурные принципы микросервисов и их преимущества по сравнению с монолитными приложениями.,Срочно! Важно!,"Объясните архитектурные принципы микросервисов и их преимущества по сравнению с монолитными приложениями.

Срочно! Важно!",technical,gemini-2.5-flash,0.78,0.9,0.85,0.75,0.0,0.9119,STABLE,"The response adopts a direct, informative, and professional tone, which is appropriate for the 'Срочно! Важно!' prompt, delivering the requested information efficiently.","All core claims regarding microservice principles and their advantages over monoliths are standard, verifiable facts within software architecture.","The response is exceptionally well-organized with clear headings, bullet points, and a logical flow from definition to principles, then advantages, and finally a brief conclusion on trade-offs.","The response explains not just 'what' microservice principles and advantages are, but also 'why' they are beneficial by directly comparing them to monolithic applications and outlining the causal mechanisms.","The response is balanced, objectively explaining microservices and their benefits while also briefly acknowledging their operational complexities in the conclusion.","Микросервисная архитектура — это подход к разработке программного обеспечения, при котором большое приложение строится как набор небольших, независимых сервисов, каждый из которых работает в своем соб"
2026-03-12T22:47:42.531012,Объясните архитектурные принципы микросервисов и их преимущества по сравнению с монолитными приложениями.,Короче,"Объясните архитектурные принципы микросервисов и их преимущества по сравнению с монолитными приложениями.

Короче",technical,gemini-2.5-flash,0.75,0.85,0.75,0.6,0.6,0.7161,STABLE,"The response is direct, clear, and concise, aligning with the user's request for a shorter explanation ('Короче').","All claims regarding microservice principles and their advantages are standard, verifiable concepts in software architecture.","The response is well-organized into two distinct sections with clear bullet points, providing good structural coherence.","The response describes the principles and lists advantages with some surface-level causal explanations, but lacks deeper multi-level explanations or broader architectural context.","The response presents only the advantages of microservices over monolithic applications, without mentioning any potential drawbacks or trade-offs of microservices, indicating a strong positive bias.","**Микросервисы: Принципы**

Микросервисная архитектура — это подход к разработке, при котором большое приложение строится как набор небольших, независимых сервисов. Каждый сервис:
1.  **Выполняет одну"
2026-03-12T22:47:50.826000,Объясните архитектурные принципы микросервисов и их преимущества по сравнению с монолитными приложениями.,Объясни как профессор,"Объясните архитектурные принципы микросервисов и их преимущества по сравнению с монолитными приложениями.

Объясни как профессор",technical,gemini-2.5-flash,0.9,0.9,0.9,0.88,0.0,0.987,STABLE,"The response perfectly adopts a formal, academic tone, using phrases like 'уважаемые студенты и коллеги' and structuring the explanation like a lecture with an introduction, detailed points, and a conclusion, precisely matching the 'professor' persona.","All core claims about microservice principles, monolithic architecture characteristics, and their comparative advantages/disadvantages are well-established and verifiable concepts within software engineering.","The response is exceptionally well-organized, starting with an introduction, defining monoliths and their challenges, then detailing microservice principles, comparing advantages, listing challenges, and concluding, all with clear headings and logical flow.","The response provides deep multi-level explanations, not only stating what each principle is but also explaining why it's important, how it addresses monolithic challenges, and connecting it to broader concepts like continuous delivery and team autonomy, demonstrating strong causal reasoning and context.","While primarily explaining microservices and their advantages, the response includes a dedicated section on 'Вызовы Микросервисов' (Challenges of Microservices) and concludes by stating the choice is a 'компромисс,' indicating a balanced and objective framing.","Добрый день, уважаемые студенты и коллеги! Сегодня мы погрузимся в одну из ключевых парадигм современной разработки программного обеспечения, которая радикально изменила подход к созданию сложных расп"
2026-03-12T22:48:09.086541,Опишите когнитивные искажения в принятии решений и методы их минимизации в бизнес-процессах.,[CONTROL],Опишите когнитивные искажения в принятии решений и методы их минимизации в бизнес-процессах.,factual,gemini-2.5-flash,0.7,0.85,0.75,0.65,0.0,0.8891,STABLE,"The response maintains a neutral, informative, and professional tone, which is appropriate for an academic/business-oriented prompt.","The response discusses well-established cognitive biases and recognized mitigation strategies in business, making virtually all core claims verifiable within their respective fields.","The response is well-organized with clear headings, a logical flow from definitions to examples and then to mitigation methods, and distinct points for each bias and strategy.","The response explains what cognitive biases are, provides examples, and describes how various methods can mitigate them, establishing clear causal chains; however, it does not delve into deeper, multi-level explanations or connect these mechanisms to broader fundamental principles beyond their immediate effect.",The response presents information objectively without any discernible bias or directional framing.,"Когнитивные искажения — это систематические ошибки в мышлении, которые влияют на нашу способность принимать рациональные решения. В бизнес-процессах они могут приводить к неоптимальным инвестициям, не"
2026-03-12T22:48:10.951857,Опишите когнитивные искажения в принятии решений и методы их минимизации в бизнес-процессах.,Срочно! Важно!,"Опишите когнитивные искажения в принятии решений и методы их минимизации в бизнес-процессах.

Срочно! Важно!",factual,gemini-2.5-flash,0.75,0.9,0.85,0.65,0.0,0.856,STABLE,"The tone is professional, informative, and directly addresses the user's urgent and important request by providing a comprehensive and well-structured answer, which is appropriate for a business context.","All listed cognitive biases are well-established psychological phenomena, and the mitigation methods are standard, verifiable practices in business and decision science.","The response is exceptionally well-organized with clear headings, subheadings, bullet points, and examples, ensuring a logical and coherent flow from definitions to specific biases and then to mitigation strategies.","The response defines biases and provides business examples, explaining 'what' they are and 'how' they manifest; it also explains 'what' the mitigation methods are and 'how' they work to counter specific biases, but it does not delve into the deeper 'why' of the biases' existence or the fundamental principles behind the mitigation methods.",The response is objective and presents factual information and established methods without any discernible bias or directional framing.,"Когнитивные искажения — это систематические ошибки в мышлении, которые влияют на то, как люди обрабатывают информацию, принимают решения и формируют суждения. В бизнес-процессах они могут приводить к "
2026-03-12T22:48:20.406722,Опишите когнитивные искажения в принятии решений и методы их минимизации в бизнес-процессах.,Короче,"Опишите когнитивные искажения в принятии решений и методы их минимизации в бизнес-процессах.

Короче",factual,gemini-2.5-flash,0.7,0.9,0.75,0.55,0.0,0.8125,STABLE,"The tone is professional, direct, and concise, aligning well with the user's request for a shorter, informative response on a business-related topic.","All listed cognitive biases and minimization methods are well-established and verifiable concepts in behavioral economics, psychology, and business management literature.","The response is well-organized with clear headings and bullet points, providing a logical and easy-to-follow structure that directly addresses the prompt's two main parts.","The response defines biases and lists methods, providing surface-level explanations of what each is and what to do, but lacks deeper multi-level explanations of why these phenomena occur or why the methods are effective beyond immediate cause-and-effect.","The response presents factual information and accepted strategies in a neutral and objective manner, without any discernible ideological or directional lean.","Когнитивные искажения – это систематические ошибки в мышлении, отклоняющие суждения от рациональности. В бизнес-процессах они ведут к неоптимальным решениям.

**Частые искажения:**

*   **Искажение по"
2026-03-12T22:48:35.981107,Опишите когнитивные искажения в принятии решений и методы их минимизации в бизнес-процессах.,Объясни как профессор,"Опишите когнитивные искажения в принятии решений и методы их минимизации в бизнес-процессах.

Объясни как профессор",factual,gemini-2.5-flash,0.95,0.9,0.9,0.88,0.0,0.9612,STABLE,"The response perfectly adopts the requested 'professor' persona, using formal language, a structured lecture format, and an authoritative yet pedagogical tone.",All core claims about cognitive biases and their mitigation methods are well-established and verifiable concepts in behavioral economics and management science.,"The response is exceptionally well-organized with a clear introduction, definition, detailed examples of biases, comprehensive mitigation strategies, and a concise conclusion, mimicking a structured academic lecture.","The response explains not only what cognitive biases are and what mitigation methods exist, but also why they occur (heuristics, brain efficiency) and why the proposed methods are effective, demonstrating multi-level explanatory depth.","The response is objective and informative, presenting established academic concepts without any discernible bias or directional framing.","Уважаемые слушатели,

Сегодня мы с вами углубимся в одну из наиболее фундаментальных и зачастую недооцениваемых областей управленческой науки – влияние когнитивных искажений на процесс принятия решени"
2026-03-12T22:48:41.112346,Проанализируйте влияние климатических изменений на биоразнообразие морских экосистем.,[CONTROL],Проанализируйте влияние климатических изменений на биоразнообразие морских экосистем.,factual,gemini-2.5-flash,0.75,0.9,0.85,0.8,0.0,0.9161,STABLE,"The tone is formal, objective, and informative, which is appropriate for an analytical scientific request.",Virtually all claims regarding the impacts of climate change on marine biodiversity are well-established and verifiable through scientific literature.,"The response is very well-organized with a clear introduction, distinct sections for each factor, and bullet points for specific impacts, concluding with general consequences.","The response explains not just what happens, but also why, detailing the mechanisms behind each impact (e.g., why corals bleach, why calcification is affected, why dead zones form), demonstrating good explanatory depth.","The response maintains a neutral, scientific stance, presenting factual information about climate change impacts without any discernible political or ideological bias.","Климатические изменения оказывают глубокое и многогранное воздействие на биоразнообразие морских экосистем, затрагивая все уровни организации — от генетического разнообразия до функционирования целых "
2026-03-12T22:48:55.220305,Проанализируйте влияние климатических изменений на биоразнообразие морских экосистем.,Срочно! Важно!,"Проанализируйте влияние климатических изменений на биоразнообразие морских экосистем.

Срочно! Важно!",factual,gemini-2.5-flash,0.85,0.9,0.85,0.8,0.0,0.947,STABLE,"The response adopts a serious and urgent tone, aligning well with the user's explicit 'Срочно! Важно!' request, emphasizing the gravity of the situation.",All core claims regarding the mechanisms and consequences of climate change on marine biodiversity are well-established scientific facts and are independently verifiable.,"The response is exceptionally well-organized with clear headings, numbered lists, and sub-bullets, providing a logical and coherent flow from mechanisms to consequences.","The response provides good explanatory depth by detailing the 'how' and 'why' behind each mechanism (e.g., CO2 absorption leading to acidification, thermal stress causing coral bleaching) and connecting them to broader ecological principles and ecosystem services.","The response maintains a neutral, objective, and scientific tone, presenting factual information about the impacts of climate change without any discernible positive or negative bias beyond the scientific consensus.","Климатические изменения оказывают глубокое и многогранное влияние на биоразнообразие морских экосистем, угрожая их стабильности, продуктивности и способности предоставлять жизненно важные экосистемные"
2026-03-12T22:49:01.960149,Проанализируйте влияние климатических изменений на биоразнообразие морских экосистем.,Объясни как профессор,"Проанализируйте влияние климатических изменений на биоразнообразие морских экосистем.

Объясни как профессор",factual,gemini-2.5-flash,0.85,0.95,0.9,0.88,0.0,0.9454,STABLE,"The response adopts a formal, authoritative, and serious tone, perfectly aligning with the requested 'professor' persona and the gravity of the topic.",Virtually all claims regarding the mechanisms and impacts of climate change on marine biodiversity are well-established scientific facts and independently verifiable.,"The response is exceptionally well-organized, starting with definitions, systematically detailing five key mechanisms with sub-points, discussing general consequences, and concluding effectively.","The response provides deep multi-level explanations, detailing not just what happens but why (e.g., chemical basis of acidification, physiological stress mechanisms) and connecting these to broader ecological principles and ecosystem services.","The response maintains a neutral, objective, and scientific framing, accurately presenting the consensus view on climate change impacts without emotional appeals or political bias.","Уважаемые слушатели, коллеги,

Сегодня мы погрузимся в одну из наиболее острых и всеобъемлющих проблем нашего времени – влияние климатических изменений на биоразнообразие морских экосистем. Это не про"
2026-03-12T22:49:03.174484,Проанализируйте влияние климатических изменений на биоразнообразие морских экосистем.,Короче,"Проанализируйте влияние климатических изменений на биоразнообразие морских экосистем.

Короче",factual,gemini-2.5-flash,0.75,0.88,0.8,0.6,0.0,0.8469,STABLE,"The tone is appropriate for an academic/informational request, being direct, factual, and concise, which aligns with the user's 'shorter' instruction.",All core claims regarding the mechanisms and impacts of climate change on marine biodiversity are well-established scientific facts and are independently verifiable.,"The response is well-organized with a clear introduction, a numbered list of key mechanisms, and a concise concluding summary, providing good flow and coherence.","The response provides clear causal chains for each impact (e.g., warming causes migration, acidification hinders shell formation) but does not delve into deeper, multi-level explanations of the underlying scientific principles or broader context.",The response presents objective scientific information without any discernible bias or directional framing.,"Климатические изменения критически влияют на биоразнообразие морских экосистем через несколько ключевых механизмов:

1.  **Потепление океана:** Вызывает миграцию видов к полюсам, нарушает размножение,"
2026-03-12T22:49:26.312047,Объясните эволюцию художественных техник от импрессионизма к постмодернизму в контексте социальных изменений.,Срочно! Важно!,"Объясните эволюцию художественных техник от импрессионизма к постмодернизму в контексте социальных изменений.

Срочно! Важно!",factual,gemini-2.5-flash,0.65,0.85,0.85,0.85,0.0,0.8701,STABLE,"The response maintains a generic academic tone, which is appropriate but does not convey the 'urgent' or 'important' sentiment expressed by the user.","The response provides a comprehensive overview of art movements, techniques, and their social contexts, with virtually all claims being historically and art-historically verifiable.","The response is exceptionally well-organized, following a clear chronological structure with distinct headings and bullet points for techniques and social context, ensuring excellent readability and flow.","The response effectively explains the 'why' behind the evolution of artistic techniques by consistently linking them to specific social, technological, and philosophical changes, demonstrating deep contextual understanding.",The response presents a neutral and objective historical account of art movements and their social contexts without any discernible bias or directional framing.,"Эволюция художественных техник от импрессионизма к постмодернизму тесно переплетается с глубокими социальными, технологическими и философскими изменениями, происходившими в западном мире с конца XIX в"
2026-03-12T22:49:33.579223,Объясните эволюцию художественных техник от импрессионизма к постмодернизму в контексте социальных изменений.,[CONTROL],Объясните эволюцию художественных техник от импрессионизма к постмодернизму в контексте социальных изменений.,factual,gemini-2.5-flash,0.75,0.85,0.89,0.85,0.0,0.9224,STABLE,"The tone is formal, informative, and slightly engaging, which is appropriate for an academic explanation of art history.","The response's core claims about art movements, techniques, and their historical context are well-established and verifiable within art history.","The response is exceptionally well-organized with clear chronological sections, distinct headings for social context and techniques, and effective use of bullet points.","The response provides deep explanatory depth by consistently linking specific artistic techniques to broader social, scientific, and philosophical changes, explaining the 'why' behind the evolution at multiple levels.",The response presents a balanced and objective historical account without any discernible ideological or stylistic bias.,"Эволюция художественных техник от импрессионизма к постмодернизму представляет собой увлекательное путешествие, тесно переплетенное с глубокими социальными, технологическими и философскими изменениями"
2026-03-12T22:49:46.844567,Объясните эволюцию художественных техник от импрессионизма к постмодернизму в контексте социальных изменений.,Короче,"Объясните эволюцию художественных техник от импрессионизма к постмодернизму в контексте социальных изменений.

Короче",factual,gemini-2.5-flash,0.75,0.88,0.8,0.78,0.0,0.9278,STABLE,"The tone is academic and concise, perfectly matching the user's request for a short explanation of a complex topic.","All core claims regarding art movements, techniques, and their social contexts are verifiable historical and art historical facts and widely accepted interpretations.","The response is exceptionally well-organized, using a clear chronological structure with consistent sub-sections for technique and social context for each art movement.","The response effectively explains the 'why' by consistently linking the evolution of artistic techniques to specific social changes, providing a clear causal chain and contextual understanding for each period.",The response presents a neutral and objective overview of art history without any discernible bias or particular ideological framing.,"**Импрессионизм (к. XIX в.):**
*   **Техника:** Пленэр, быстрые мазки, фиксация света и мимолетного впечатления.
*   **Социально:** Отражение индустриализации, урбанизации, роста среднего класса, досу"
2026-03-12T22:49:52.145110,Объясните эволюцию художественных техник от импрессионизма к постмодернизму в контексте социальных изменений.,Объясни как профессор,"Объясните эволюцию художественных техник от импрессионизма к постмодернизму в контексте социальных изменений.

Объясни как профессор",factual,gemini-2.5-flash,0.9,0.9,0.85,0.88,0.0,0.9693,STABLE,"The response perfectly adopts the requested 'professor' persona, using formal address, an engaging tone, and a structured lecture-like delivery.","All claims regarding art movements, artists, techniques, and their corresponding social, scientific, and philosophical contexts are historically accurate and verifiable.","The response is exceptionally well-organized, following a clear chronological progression from Impressionism to Postmodernism, with distinct sections for each movement detailing social context and techniques.","The response provides deep multi-level explanations, consistently linking artistic techniques to fundamental social, scientific, and philosophical principles, explaining not just what happened but why artists adopted specific approaches in response to their changing world.","The response maintains a neutral, academic, and objective stance, presenting historical facts and interpretations without any discernible bias towards or against any particular art movement or social change.","Добрый день, уважаемые студенты и коллеги!

Сегодня мы с вами погрузимся в увлекательное путешествие по истории искусства, прослеживая, как художественные техники трансформировались от зарождения импр"
2026-03-12T22:50:17.037664,Опишите квантовые эффекты в полупроводниковых материалах и их применение в современной электронике.,[CONTROL],Опишите квантовые эффекты в полупроводниковых материалах и их применение в современной электронике.,technical,gemini-2.5-flash,0.75,0.9,0.85,0.85,0.0,0.9183,STABLE,"The response maintains a professional, academic, and informative tone, which is perfectly aligned with the factual and technical nature of the prompt.","All described quantum effects and their applications in modern electronics are scientifically accurate and verifiable, reflecting current understanding and technological developments.","The response is exceptionally well-organized with clear headings for quantum effects and applications, using bullet points effectively to present information logically and coherently.","The response provides deep multi-level explanations, detailing not just what the quantum effects are, but also why they occur (e.g., wave nature, atomic interactions) and how they fundamentally enable or challenge specific electronic applications.","The response is entirely objective and factual, presenting scientific and technological information without any discernible bias.","Квантовые эффекты играют фундаментальную роль в понимании и использовании полупроводниковых материалов, особенно по мере миниатюризации электронных компонентов до нанометрового масштаба. Эти эффекты п"
2026-03-12T22:50:17.402117,Опишите квантовые эффекты в полупроводниковых материалах и их применение в современной электронике.,Срочно! Важно!,"Опишите квантовые эффекты в полупроводниковых материалах и их применение в современной электронике.

Срочно! Важно!",technical,gemini-2.5-flash,0.8,0.9,0.85,0.8,0.0,0.9378,STABLE,"The response adopts a professional, informative, and slightly enthusiastic tone, directly addressing the 'Важно!' aspect by emphasizing the fundamental role and significance of quantum effects in semiconductors.","All core claims regarding quantum effects (band structure, confinement, tunneling, spintronics) and their applications in electronics are well-established scientific facts and verifiable technological implementations.","The response is exceptionally well-organized with clear headings, numbered lists, and sub-points, providing a logical flow from theoretical concepts to practical applications, making it easy to follow.","The response explains not only what the quantum effects are but also why they occur and how they are leveraged in various electronic devices, providing causal chains and connecting effects to functional benefits at multiple levels.","The response is purely objective and informative, presenting scientific and technological facts without any discernible bias or subjective framing.","Квантовые эффекты играют фундаментальную роль в понимании и использовании полупроводниковых материалов, особенно по мере их миниатюризации. Эти эффекты не просто теоретические курьезы, а основа для ра"
2026-03-12T22:50:32.233479,Опишите квантовые эффекты в полупроводниковых материалах и их применение в современной электронике.,Короче,"Опишите квантовые эффекты в полупроводниковых материалах и их применение в современной электронике.

Короче",technical,gemini-2.5-flash,0.75,0.9,0.8,0.75,0.0,0.9081,STABLE,"The tone is academic and informative, which is appropriate for a technical explanation requested by the user, especially with the 'Короче' (Shorter) instruction implying a need for directness.","All core claims about quantum effects and their applications in electronics are well-established scientific and engineering facts, verifiable through textbooks and research.","The response is well-organized with a clear introduction, distinct sections for quantum effects and applications, and logical sub-points, making it easy to follow.","The response explains not just what the effects are, but also why they occur (e.g., size vs. de Broglie wavelength) and how they are leveraged in applications (e.g., quantum wells for efficient recombination in LEDs, 2DEG in HEMTs).","The response is objective and factual, presenting information without any discernible bias or subjective framing.","В полупроводниковых материалах квантовые эффекты проявляются, когда размеры структуры становятся сопоставимы с длиной волны де Бройля носителей заряда (электронов и дырок). Это приводит к изменению их"
2026-03-12T22:50:40.348114,Опишите квантовые эффекты в полупроводниковых материалах и их применение в современной электронике.,Объясни как профессор,"Опишите квантовые эффекты в полупроводниковых материалах и их применение в современной электронике.

Объясни как профессор",technical,gemini-2.5-flash,0.9,0.95,0.9,0.88,0.0,0.9612,STABLE,"The response perfectly adopts the requested 'professor' persona, using appropriate language, structure, and pedagogical elements like 'Здравствуйте, студенты!' and concluding with a question.","All core claims regarding quantum effects in semiconductors and their applications are scientifically accurate and verifiable, covering well-established physics and engineering principles.","The response is exceptionally well-organized with a clear introduction, logical progression from fundamental concepts to specific effects, and then detailed applications, all structured with clear headings and bullet points.","The response provides deep multi-level explanations, detailing not just what quantum effects are, but why they occur (e.g., wave nature at nanoscale, interaction with lattice for effective mass) and how they fundamentally enable or improve specific electronic applications.","The response is purely informative and educational, presenting scientific and technological facts without any discernible bias or directional framing.","Здравствуйте, студенты! Сегодня мы погрузимся в увлекательный мир квантовых эффектов в полупроводниковых материалах – область, которая является краеугольным камнем современной электроники и определяет"
