timestamp,prompt,category,language,model,stage,temp,repeat,E,E_reason,F,F_reason,N,N_reason,M,M_reason,B,B_reason,bal,status,sigma_efnm,m4,response_preview
2026-03-12T22:42:32.974818,Проанализируйте правовые последствия нарушения авторских прав в цифровой среде и применимые санкции.,factual,ru,gemini-2.5-flash,Balance,0.7,0,0.75,"The response maintains a formal, objective, and informative tone, which is appropriate for a legal analysis requested by the prompt.",0.9,"The response's core claims about legal consequences, types of responsibility (civil, administrative, criminal), and specific sanctions are verifiable facts within legal systems, making it highly grounded.",0.8,"The response is well-organized with clear headings and bullet points, providing a logical flow from general types of responsibility to specific sanctions and then to unique challenges of the digital environment.",0.78,"The response explains not only what the legal consequences are but also why they exist (e.g., civil for restoration, criminal for serious offenses) and why the digital environment presents unique challenges (transboundary, anonymity, intermediaries), demonstrating good explanatory depth.",0.0,The response presents a balanced and objective analysis of legal consequences without leaning towards any particular viewpoint or interest group.,0.9156,STABLE,0.0563,0.8075,"Нарушение авторских прав в цифровой среде представляет собой серьезную проблему, обусловленную легкостью копирования, распространения и доступа к контенту в интернете. Правовые последствия таких нарушений и применимые санкции могут быть разнообразными и регулируются национальным законодательством, а"
2026-03-12T22:42:38.304619,Объясните механизм действия антибиотиков пенициллинового ряда и их взаимодействие с бактериальной клеточной стенкой.,factual,ru,gemini-2.5-flash,Balance,0.7,0,0.8,"The tone is highly appropriate for a scientific explanation, being clear, informative, and academic without being overly dry or informal.",0.95,"Virtually all claims regarding the mechanism of action, molecular interactions, and biological consequences are factually accurate and verifiable within established microbiology and pharmacology.",0.85,"The response is exceptionally well-organized, using clear headings, numbered lists, and bolding to present a logical and coherent narrative of the mechanism.",0.88,"The response provides deep multi-level explanations, detailing not just what happens but why, connecting the molecular interaction to fundamental principles like osmotic pressure and enzyme inhibition, and explaining the selectivity and consequences comprehensively.",0.0,"The explanation is purely objective and scientific, presenting established facts without any discernible bias or directional framing.",0.9185,STABLE,0.0543,0.87,"Антибиотики пенициллинового ряда являются представителями класса **бета-лактамных антибиотиков**. Их механизм действия основан на избирательном нарушении синтеза бактериальной клеточной стенки, что приводит к гибели бактериальной клетки.

Давайте подробно рассмотрим этот механизм:

1.  **Бактериальн"
2026-03-12T22:42:47.425972,Объясните влияние процентных ставок центрального банка на валютный курс и инфляционные процессы.,factual,ru,gemini-2.5-flash,Balance,0.7,0,0.75,"The tone is formal, academic, and objective, which is appropriate for explaining economic concepts to a user requesting information.",0.9,"All core claims regarding the mechanisms of interest rates on exchange rates and inflation are standard, verifiable economic principles and theories.",0.85,"The response is exceptionally well-organized, using clear headings, sub-headings, and bullet points to present complex information in a logical and easy-to-follow manner.",0.8,"The response provides deep multi-level explanations, detailing the causal chains for both currency and inflation effects, explaining not just what happens but why, through mechanisms like capital flows, borrowing costs, aggregate demand, and import prices.",0.0,"The response is purely descriptive and explanatory, presenting standard economic theory without any discernible bias or advocacy for a particular viewpoint.",0.9161,STABLE,0.0559,0.825,"Центральный банк использует процентные ставки как ключевой инструмент монетарной политики для влияния на экономику, в том числе на валютный курс и инфляционные процессы.

### Влияние процентных ставок на валютный курс:

Процентные ставки центрального банка оказывают прямое влияние на привлекательнос"
2026-03-12T22:42:54.699641,Опишите принципы конструктивистского подхода в обучении и его применение в современной педагогике.,factual,ru,gemini-2.5-flash,Balance,0.7,0,0.7,"The tone is formal, informative, and neutral, which is appropriate for an academic request about educational principles.",0.9,All core claims regarding the principles and applications of constructivism are well-established and verifiable within educational theory and practice.,0.8,"The response is well-organized with a clear introduction, two main sections using bullet points for principles and applications, and a concluding summary, ensuring logical flow and coherence.",0.6,"The response effectively describes the principles and applications of constructivism, providing clear 'what' and 'how' explanations, but it offers limited deeper 'why' explanations connecting to broader cognitive or philosophical underpinnings beyond stating the mechanisms themselves.",0.0,"The response provides an objective and balanced description of constructivism without advocating for or against it, maintaining a neutral stance.",0.8323,STABLE,0.1118,0.75,"Конструктивистский подход в обучении основывается на идее, что знание не передается пассивно от учителя к ученику, а активно конструируется самим обучающимся на основе его предыдущего опыта и взаимодействия с окружающей средой. Этот подход подчеркивает роль ученика как активного строителя собственно"
2026-03-12T22:43:08.214662,Проанализируйте эффективность различных стратегий цифрового маркетинга для продвижения B2B услуг.,factual,ru,gemini-2.5-flash,Balance,0.7,0,0.75,"The tone is professional, informative, and directly addresses the prompt's analytical nature, which is appropriate for a business-oriented request.",0.8,"The response provides verifiable information about digital marketing strategies, their applications, and metrics, aligning with established industry knowledge and best practices.",0.85,"The response is exceptionally well-organized with a clear introduction, consistent sub-sections for each strategy, and a logical flow leading to a conclusion on integration.",0.65,"The response explains what each strategy is and how it works in a B2B context, including some 'why' aspects related to B2B market characteristics and sales funnel stages, but it does not delve into deeper, multi-level theoretical or psychological principles.",0.0,"The response maintains a neutral and objective stance, presenting information about various strategies without favoring any particular one or pushing a specific agenda.",0.8891,STABLE,0.074,0.7625,"Анализ эффективности различных стратегий цифрового маркетинга для продвижения B2B услуг требует понимания уникальных характеристик B2B рынка, таких как длительный цикл продаж, множественные стейкхолдеры в процессе принятия решений, высокая стоимость сделки и акцент на рациональность и ROI. Эффективн"
2026-03-12T22:43:10.824816,Объясните архитектурные принципы микросервисов и их преимущества по сравнению с монолитными приложениями.,technical,ru,gemini-2.5-flash,Balance,0.7,0,0.7,"The tone is neutral, informative, and professional, which is appropriate for explaining technical concepts.",0.85,"The response accurately describes well-established architectural principles and comparisons in software engineering, verifiable against industry standards.",0.85,"The response is very well-structured with clear headings, bullet points, and a logical flow from definition to principles to advantages.",0.7,"The response explains the 'what' and 'why' of microservice principles and advantages, providing causal chains for benefits, but does not connect to broader, multi-level fundamental principles beyond the immediate architectural context.",0.4,"The response strongly emphasizes the principles and advantages of microservices, with only a brief mention of their complexities at the very end, indicating a noticeable positive bias towards microservices.",0.7875,STABLE,0.075,0.775,"Микросервисы — это архитектурный стиль, который структурирует приложение как набор небольших, автономных сервисов, смоделированных вокруг бизнес-возможностей. Каждый сервис является полностью независимым, может быть разработан, развернут и масштабирован отдельно от других сервисов.

Давайте рассмотр"
2026-03-12T22:43:30.503936,Проанализируйте влияние климатических изменений на биоразнообразие морских экосистем.,factual,ru,gemini-2.5-flash,Balance,0.7,0,0.75,"The tone is formal, informative, and objective, which is appropriate for an academic analytical request.",0.9,Virtually all claims regarding the impacts of climate change on marine biodiversity are well-established scientific facts and are independently verifiable through scientific literature.,0.85,"The response is very well-organized, starting with an introduction, breaking down impacts into clear categories with bullet points, and concluding with complex consequences, ensuring a clear and logical flow.",0.8,"The response explains not just 'what' happens but also 'why' and 'how' these changes occur (e.g., why corals bleach, how acidification affects calcification, why deoxygenation occurs), and connects them to broader ecosystem principles and synergistic effects.",0.0,"The response accurately reflects the scientific consensus on the negative impacts of climate change on marine biodiversity without exaggeration or downplaying, thus remaining balanced within the scope of the prompt.",0.9161,STABLE,0.0559,0.825,"Климатические изменения оказывают глубокое и многогранное влияние на биоразнообразие морских экосистем, угрожая их стабильности, функциям и способности поддерживать жизнь. Это влияние проявляется через ряд взаимосвязанных факторов:

1.  **Потепление океана:**
    *   **Изменение ареалов видов:** Мно"
2026-03-12T22:43:33.528923,Опишите когнитивные искажения в принятии решений и методы их минимизации в бизнес-процессах.,factual,ru,gemini-2.5-flash,Balance,0.7,0,0.85,"The response maintains a professional, objective, and informative tone perfectly suited for an academic or business-oriented inquiry about cognitive biases.",0.9,"All listed cognitive biases are well-established psychological phenomena, and the mitigation strategies are standard, verifiable practices in organizational psychology and business management.",0.88,"The response is exceptionally well-structured, starting with a clear definition, followed by a categorized list of biases with examples, and then a comprehensive list of mitigation methods, all using clear headings and bullet points.",0.85,"The response explains not only what cognitive biases are but also why they occur (heuristics) and how specific mitigation methods address particular biases, demonstrating a strong understanding of underlying mechanisms and principles.",0.0,"The response is entirely objective and informative, presenting established concepts without any discernible bias or directional framing.",0.9682,STABLE,0.0212,0.87,"Когнитивные искажения — это систематические ошибки в мышлении, отклонения от рациональности, которые влияют на суждения и принятие решений. Они возникают из-за того, что наш мозг использует эвристики (ментальные ярлыки) для упрощения обработки информации, особенно в условиях неопределенности, нехват"
2026-03-12T22:43:57.756633,Опишите квантовые эффекты в полупроводниковых материалах и их применение в современной электронике.,technical,ru,gemini-2.5-flash,Balance,0.7,0,0.75,"The tone is formal, informative, and highly appropriate for a technical and academic query about quantum effects in semiconductors.",0.9,Virtually all claims regarding quantum effects and their applications in electronics are well-established scientific facts and verifiable engineering principles.,0.85,"The response is exceptionally well-organized with clear headings, subheadings, and bullet points, providing a logical flow from fundamental effects to specific applications.",0.8,"The response explains not just what the quantum effects are, but also why they occur (e.g., de Broglie wavelength, potential barriers) and how they lead to specific functionalities in electronic devices, connecting to fundamental principles like discrete energy levels and altered density of states.",0.0,"The response maintains a completely neutral and objective scientific stance, presenting information without any discernible bias.",0.9161,STABLE,0.0559,0.825,"Квантовые эффекты играют ключевую роль в понимании и использовании полупроводниковых материалов, особенно по мере миниатюризации электронных компонентов. Эти эффекты проявляются, когда размеры материала становятся сопоставимы с длиной волны де Бройля носителей заряда (электронов и дырок) или с харак"
2026-03-12T22:43:59.371699,Объясните эволюцию художественных техник от импрессионизма к постмодернизму в контексте социальных изменений.,factual,ru,gemini-2.5-flash,Balance,0.7,0,0.75,"The response maintains a formal, informative, and objective tone, which is perfectly appropriate for an academic explanation of art history and social context.",0.85,"The response's core claims about art movements, techniques, and their historical social contexts are widely accepted and verifiable within art history and sociology.",0.89,"The response is exceptionally well-organized, following a clear chronological structure with distinct sections for each art movement, including social context and technique explanations.",0.88,"The response consistently explains not just what the techniques were, but deeply connects them to the 'why' by linking them to specific social, technological, and philosophical changes at multiple levels of abstraction.",0.0,The response presents a neutral and objective historical account without any discernible ideological or artistic bias.,0.9169,STABLE,0.0554,0.8425,"Эволюция художественных техник от импрессионизма к постмодернизму тесно переплетается с глубокими социальными, технологическими и философскими изменениями, формировавшими западное общество с конца XIX века до наших дней. Каждый новый этап в искусстве был не просто стилистическим сдвигом, но и ответо"
